1,1,2020-12-01 00:00:00.000
2,2,2021-01-02 00:00:00.000
3,3,2021-01-03 00:00:00.000
4,4,2021-01-04 00:00:00.000
5,5,2021-01-05 00:00:00.000
6,6,2021-01-06 00:00:00.000
7,7,2021-01-07 00:00:00.000
8,8,2021-01-08 00:00:00.000
9,9,2021-01-09 00:00:00.000
10,10,2021-01-10 00:00:00.000
11,11,2021-01-11 00:00:00.000
12,12,2021-01-12 00:00:00.000
13,13,2021-01-13 00:00:00.000
14,14,2021-01-14 00:00:00.000
15,15,2021-01-15 00:00:00.000
16,16,2021-01-16 00:00:00.000
17,17,2021-01-17 00:00:00.000
18,18,2021-01-18 00:00:00.000
19,19,2021-01-19 00:00:00.000
20,20,2021-01-20 00:00:00.000
21,21,2021-01-21 00:00:00.000
22,22,2021-01-22 00:00:00.000
23,23,2021-01-23 00:00:00.000
24,24,2021-01-24 00:00:00.000
25,25,2021-01-25 00:00:00.000
26,26,2021-01-26 00:00:00.000
27,27,2021-01-27 00:00:00.000
28,28,2021-01-28 00:00:00.000
29,29,2021-01-29 00:00:00.000
30,30,2021-01-30 00:00:00.000
31,31,2021-01-31 00:00:00.000
32,32,2021-02-01 00:00:00.000
33,33,2021-02-02 00:00:00.000
34,34,2021-02-03 00:00:00.000
35,35,2021-02-04 00:00:00.000
36,36,2021-02-05 00:00:00.000
37,37,2021-02-06 00:00:00.000
38,38,2021-02-07 00:00:00.000
39,39,2021-02-08 00:00:00.000
40,40,2021-02-09 00:00:00.000
41,41,2021-02-10 00:00:00.000
42,42,2021-02-11 00:00:00.000
43,43,2021-02-12 00:00:00.000
44,44,2021-02-13 00:00:00.000
45,45,2021-02-14 00:00:00.000
46,46,2021-02-15 00:00:00.000
47,47,2021-02-16 00:00:00.000
48,48,2021-02-17 00:00:00.000
49,49,2021-02-18 00:00:00.000
50,50,2021-02-19 00:00:00.000
51,51,2021-02-20 00:00:00.000
52,52,2021-02-21 00:00:00.000
53,53,2021-02-22 00:00:00.000
54,54,2021-02-23 00:00:00.000
55,55,2021-02-24 00:00:00.000
56,56,2021-02-25 00:00:00.000
57,57,2021-02-26 00:00:00.000
58,58,2021-02-27 00:00:00.000
59,59,2021-02-28 00:00:00.000
60,60,2021-03-01 00:00:00.000
61,61,2021-03-02 00:00:00.000
62,62,2021-03-03 00:00:00.000
63,63,2021-03-04 00:00:00.000
64,64,2021-03-05 00:00:00.000
65,65,2021-03-06 00:00:00.000
66,66,2021-03-07 00:00:00.000
67,67,2021-03-08 00:00:00.000
68,68,2021-03-09 00:00:00.000
69,69,2021-03-10 00:00:00.000
70,70,2021-03-11 00:00:00.000
71,71,2021-03-12 00:00:00.000
72,72,2021-03-13 00:00:00.000
73,73,2021-03-14 00:00:00.000
74,74,2021-03-15 00:00:00.000
75,75,2021-03-16 00:00:00.000
76,76,2021-03-17 00:00:00.000
77,77,2021-03-18 00:00:00.000
78,78,2021-03-19 00:00:00.000
79,79,2021-03-20 00:00:00.000
80,80,2021-03-21 00:00:00.000
81,81,2021-03-22 00:00:00.000
82,82,2021-03-23 00:00:00.000
83,83,2021-03-24 00:00:00.000
84,84,2021-03-25 00:00:00.000
85,85,2021-03-26 00:00:00.000
86,86,2021-03-27 00:00:00.000
87,87,2021-03-28 00:00:00.000
88,88,2021-03-29 00:00:00.000
89,89,2021-03-30 00:00:00.000
90,90,2021-03-31 00:00:00.000
91,91,2021-04-01 00:00:00.000
92,92,2021-04-02 00:00:00.000
93,93,2021-04-03 00:00:00.000
94,94,2021-04-04 00:00:00.000
95,95,2021-04-05 00:00:00.000
96,96,2021-04-06 00:00:00.000
97,97,2021-04-07 00:00:00.000
98,98,2021-04-08 00:00:00.000
99,99,2021-04-09 00:00:00.000
101,101,2021-03-15 21:09:00.000
102,102,2021-03-16 00:30:00.000
103,103,2021-03-16 03:51:00.000
104,104,2021-03-16 07:12:00.000
105,105,2021-03-16 10:33:00.000
106,106,2021-03-16 13:54:00.000
107,107,2021-03-16 17:15:00.000
108,108,2021-03-16 20:36:00.000
109,109,2021-03-16 23:57:00.000
110,110,2021-03-17 03:18:00.000
111,111,2021-03-17 06:39:00.000
112,112,2021-03-17 10:00:00.000
113,113,2021-03-17 13:21:00.000
114,114,2021-03-17 16:42:00.000
115,115,2021-03-17 20:03:00.000
116,116,2021-03-17 23:24:00.000
117,117,2021-03-18 02:45:00.000
118,118,2021-03-18 06:06:00.000
119,119,2021-03-18 09:27:00.000
120,120,2021-03-18 12:48:00.000
